"Item","Condition","Familiarity","Compositionality","Predictability","Register","Spelling","Pin_yin","Ur_Pinyin","Fig_Transl","Lit_Transl","Last_char","Strokes","StrokeDiff","Visual_Distance_SVG","Sem_Distance","JunDa_Occurences","Levhenstein_Distance","Frequency","logf","Group","List","correct_response"
"1","corr","4.711","4.646","1","0.407","一心一意","yi1 xin1 yi1 yi4","yī xīn yī yì","Wholeheartedly","one heart one mind","意","13",NA,NA,NA,"360232","0","0.00186162542629993","-6.28630528776482","G2","L2","true"
"1","diffT","4.711",NA,"1",NA,"一心一疑","yi1 xin1 yi1 yi2",NA,NA,"one heart one doubt","疑","14","-1","55.03","0.385139882564545","53982","0.7","0.000278970951393888","-8.18440289843123","G2","L1","false"
"1","sameT","4.711",NA,"1",NA,"一心一裔","yi1 xin1 yi1 yi4",NA,NA,"one heart one posterity/descendants","裔","13","0","49.5","0.636198043823242","2350","0.555555555555556","1.21444506645852e-05","-11.3186382279382","G2","L3","false"
"10","corr","4.505","3.768","1","0.704","咬牙切齿","yao3 ya2 qie4 chi3","yǎo yá qiè chǐ","To be furious","bite mouth tighten teeth","齿","8",NA,NA,NA,"9415","0","4.86553204285401e-05","-9.93074939398515","G1","L1","true"
"10","diffT","4.505",NA,"1",NA,"咬牙切蚩","yao3 ya2 qie4 chi1",NA,NA,"bite mouth tighten ignorant","蚩","10","-2","47.86","0.57639616727829","343","1","1.77257301189477e-06","-13.2430783879105","G1","L3","false"
"10","sameT","4.505",NA,"1",NA,"咬牙切侈","yao3 ya2 qie4 chi3",NA,NA,"bite mouth tighten extravagant","侈","8","0","63.65","0.583285331726074","1703","1","8.80085084331427e-06","-11.6406621544137","G1","L2","false"
"11","corr","4.641","3.712","1","0.667","因地制宜","yin1 di4 zhi4 yi2","yīn dì zhì yí","Best according to circumstances","depending earth establish best","宜","8",NA,NA,NA,"18833","0","9.73261444111202e-05","-9.23744290588166","G3","L3","true"
"11","diffT","4.641",NA,"1",NA,"因地制易","yin1 di4 zhi4 yi4",NA,NA,"depending earth establish change","易","8","0","78.94","0.378058791160583","89730","0.75","0.000463711301333288","-7.6762483947843","G3","L2","false"
"11","sameT","4.641",NA,"1",NA,"因地制怡","yin1 di4 zhi4 yi2",NA,NA,"depending earth establish harmony","怡","8","0","71.82","0.639594376087189","3649","0.75","1.88574895638601e-05","-10.87860039864","G3","L1","false"
"12","corr","4.85","4.257","1","0.444","大吃一惊","da4 chi1 yi1 jing1","dà chī yī jīng","To be surprised","big eat one shock","惊","11",NA,NA,NA,"59724","0","0.000308644753826249","-8.08331960642985","G1","L1","true"
"12","diffT","4.85",NA,"1",NA,"大吃一颈","da4 chi1 yi1 jing3",NA,NA,"big eat one neck","颈","11","0","65.77","0.784063398838043","6104","0.692307692307692","3.15445646198416e-05","-10.3641092621121","G1","L3","false"
"12","sameT","4.85",NA,"1",NA,"大吃一晶","da4 chi1 yi1 jing1",NA,NA,"big eat one crystal","晶","12","-1","61.27","0.710692048072815","10038","0.846153846153846","5.18748918174919e-05","-9.86667566486153","G1","L2","false"
"13","corr","4.848","4.765","1","0.741","大同小异","da4 tong2 xiao3 yi4","dà tóng xiǎo yì","Similar","big equal small different","异","6",NA,NA,NA,"52735","0","0.000272526640764638","-8.20777418436569","G3","L3","true"
"13","diffT","4.848",NA,"1",NA,"大同小仪","da4 tong2 xiao3 yi2",NA,NA,"big equal small ceremony","仪","5","1","87.87","0.605431318283081","19064","0.833333333333333","9.85199180721922e-05","-9.22525181629783","G3","L2","false"
"13","sameT","4.848",NA,"1",NA,"大同小亦","da4 tong2 xiao3 yi4",NA,NA,"big equal small also","亦","6","0","68.15","0.50305187702179","37960","0.6","0.00019617163711815","-8.53652058235254","G3","L1","false"
"14","corr","4.598","4.671","1","0.667","天涯海角","tian1 ya2 hai3 jiao3","tiān yá hǎi jiǎo","Opposites","sky edge sea corner","角","7",NA,NA,NA,"50081","0","0.000258811163290676","-8.25941186145067","G2","L2","true"
"14","diffT","4.598",NA,"1",NA,"天涯海娇","tian1 ya2 hai3 jiao1",NA,NA,"sky edge sea lovable","娇","9","-2","61.67","0.705264806747437","5772","1","2.98288379727598e-05","-10.4200349151826","G2","L1","false"
"14","sameT","4.598",NA,"1",NA,"天涯海狡","tian1 ya2 hai3 jiao3",NA,NA,"sky edge sea crafty","狡","9","-2","58.87","0.691152095794678","2971","1","1.53536863508436e-05","-11.0841549596138","G2","L3","false"
"15","corr","4.391","3.922","1","0.852","如火如荼","ru2 huo3 ru2 tu2","rú huǒ rú tú","Full expansion","like fire like grass","荼","10",NA,NA,NA,"616","0","3.1833964295253e-06","-12.6575618715429","G3","L3","true"
"15","diffT","4.391",NA,"1",NA,"如火如兔","ru2 huo3 ru2 tu4",NA,NA,"like fire like rabbit","兔","8","2","64.17","0.657609581947327","4418","0.833333333333333","2.28315672494201e-05","-10.6873664510963","G3","L2","false"
"15","sameT","4.391",NA,"1",NA,"如火如徒","ru2 huo3 ru2 tu2",NA,NA,"like fire like apprentice","徒","10","0","53.44","0.57129693031311","27812","0.571428571428571","0.000143728281652529","-8.8475859738575","G3","L1","false"
"16","corr","4.706","4.412","1","0.704","安居乐业","an1 ju1 le4 ye4","ān jū lè yè","To live peacefully","peacefully live enjoy work","业","5",NA,NA,NA,"296169","0","0.00153055736548065","-6.48212331875189","G2","L2","true"
"16","diffT","4.706",NA,"1",NA,"安居乐爷","an1 ju1 le4 ye2",NA,NA,"peacefully live enjoy grandpa","爷","6","-1","97.3","0.726585507392883","30930","0.8","0.000159841642151327","-8.74132696939729","G2","L1","false"
"16","sameT","4.706",NA,"1",NA,"安居乐叶","an1 ju1 le4 ye4",NA,NA,"peacefully live enjoy leaf","叶","5","0","127.21","0.742207765579224","36032","1","0.000186208019721844","-8.58864612357704","G2","L3","false"
"17","corr","4.662","4.294","1","0.815","对症下药","dui4 zheng4 xia4 yao4","duì zhèng xià yào","To treat something","regarding disease give medicine","药","9",NA,NA,NA,"59090","0","0.000305368336072484","-8.09399185073669","G2","L2","true"
"17","diffT","4.662",NA,"1",NA,"对症下姚","dui4 zheng4 xia4 yao2",NA,NA,"regarding disease give handsome","姚","9","0","64.97","0.715784311294556","4806","0.8","2.48366935719133e-05","-10.60318841878","G2","L1","false"
"17","sameT","4.662",NA,"1",NA,"对症下钥","dui4 zheng4 xia4 yao4",NA,NA,"regarding disease give key","钥","9","0","58.26","0.742361783981323","3772","0.8","1.94931352794958e-05","-10.8454481913231","G2","L3","false"
"18","corr","4.734","4.525","1","0.667","应有尽有","ying1 you3 jin4 you3","yīng yǒu jìn yǒu","Everything at its place","should exist everything exist","有","6",NA,NA,NA,"1782004","0","0.00920913177110358","-4.68755970339712","G3","L3","true"
"18","diffT","4.734",NA,"1",NA,"应有尽优","ying1 you3 jin4 yao1",NA,NA,"should exist everything excellent","优","6","0","74.79","0.690865516662598","46613","1","0.000240889054820557","-8.33117408391047","G3","L2","false"
"18","sameT","4.734",NA,"1",NA,"应有尽卣","ying1 you3 jin4 you3",NA,NA,"should exist everything winecontainer","卣","7","-1","68.61","0.758187294006348","118","1","6.09806458902574e-07","-14.3101242106107","G3","L1","false"
"19","corr","4.742","4.72","1","0.741","弄虚作假","nong4 xu1 zuo4 jia3","nòng xū zuò jiǎ","Lie","do fake create mischievous","假","11",NA,NA,NA,"62691","0","0.000323977768771706","-8.0348356594282","G2","L2","true"
"19","diffT","4.742",NA,"1",NA,"弄虚作颊","nong4 xu1 zuo4 jia2",NA,NA,"do fake create cheeks","颊","12","-1","43.92","0.904396593570709","3025","0.857142857142857","1.56327503235618e-05","-11.0661424646115","G2","L1","false"
"19","sameT","4.742",NA,"1",NA,"弄虚作胛","nong4 xu1 zuo4 jia3",NA,NA,"do fake create shoulder_blade","胛","9","2","67.16","0.827888369560242","247","0.75","1.2764592826181e-06","-13.5714204984484","G2","L3","false"
"2","corr","4.735","4.333","0.692","0.407","不知不觉","bu4 zhi1 bu4 jue2","bù zhī bù jué","Without realizing","not know not notice","觉","9",NA,NA,NA,"132041","0","0.000682368259660634","-7.28994107567537","G2","L2","true"
"2","diffT","4.735",NA,"0.692",NA,"不知不绝","bu4 zhi1 bu4 jue4",NA,NA,"not know not break","绝","9","0","60.75","0.57145231962204","72074","1","0.000372467717957154","-7.8953601871024","G2","L1","false"
"2","sameT","4.735",NA,"0.692",NA,"不知不珏","bu4 zhi1 bu4 jue2",NA,NA,"not know not jade","珏","9","0","68.53","0.681798219680786","172","1","8.88870431620702e-07","-13.933314358263","G2","L3","false"
"20","corr","4.449","3.559","1","0.889","引人入胜","yin3 ren2 ru4 sheng4","yǐn rén rù shèng","Mesmerize people with beauty","lure person enter splendor","胜","9",NA,NA,NA,"49565","0","0.000256144551995814","-8.26976861660941","G3","L3","true"
"20","diffT","4.449",NA,"1",NA,"引人入绳","yin3 ren2 ru4 sheng2",NA,NA,"lure person enter rope/string","绳","11","-2","60.22","0.817426800727844","7256","0.8","3.74979293711617e-05","-10.1912248432814","G3","L2","false"
"20","sameT","4.449",NA,"1",NA,"引人入盛","yin3 ren2 ru4 sheng4",NA,NA,"lure person enter prosperous","盛","11","-2","54.36","0.673486888408661","24387","1","0.000126028390790314","-8.97900335266172","G3","L1","false"
"21","corr","4.707","3.908","1","0.778","得心应手","de2 xin1 ying4 shou3","dé xīn yìng shǒu","Do something with skills","obtain heart adapt hand","手","4",NA,NA,NA,"280442","0","0.00144928256735217","-6.53668662613067","G3","L3","true"
"21","diffT","4.707",NA,"1",NA,"得心应收","de2 xin1 ying4 shou1",NA,NA,"obtain heart adapt receive","收","6","-2","88.61","0.528025150299072","120897","1","0.000624777724253767","-7.37811461267717","G3","L2","false"
"21","sameT","4.707",NA,"1",NA,"得心应守","de2 xin1 ying4 shou3",NA,NA,"obtain heart adapt guard","守","6","-2","70.82","0.622124075889587","44264","1","0.000228749772007318","-8.38288185049846","G3","L1","false"
"22","corr","4.632","4.294","1","0.704","心平气和","xin1 ping2 qi4 he2","xīn píng qì hé","Peaceful attitude","heart quiet breath peaceful","和","8",NA,NA,NA,"1010465","0","0.00522193291097449","-5.2548876561691","G1","L1","true"
"22","diffT","4.632",NA,"1",NA,"心平气诃","xin1 ping2 qi4 he1",NA,NA,"heart quiet breath scold","诃","8","0","82.95","0.84643816947937","814","0.5","4.20663099615844e-06","-12.3788484690739","G1","L3","false"
"22","sameT","4.632",NA,"1",NA,"心平气河","xin1 ping2 qi4 he2",NA,NA,"heart quiet breath river","河","8","0","88.12","0.685842514038086","69687","0.5","0.000360132056792743","-7.92903976935346","G1","L2","false"
"23","corr","4.615","4.085","1","0.963","心旷神怡","xin1 kuang4 shen2 yi2","xīn kuàng shén yí","Full of joy","heart free spirit harmonious","怡","8",NA,NA,NA,"3649","0","1.88574895638601e-05","-10.87860039864","G3","L3","true"
"23","diffT","4.615",NA,"1",NA,"心旷神异","xin1 kuang4 shen2 yi4",NA,NA,"heart free spirit different","异","6","2","75.73","0.621519446372986","52735","0.8","0.000272526640764638","-8.20777418436569","G3","L2","false"
"23","sameT","4.615",NA,"1",NA,"心旷神夷","xin1 kuang4 shen2 yi2",NA,NA,"heart free spirit barbarians","夷","6","2","70.1","0.626404762268066","4638","1","2.39684945456791e-05","-10.6387703172609","G3","L1","false"
"24","corr","4.828","4.492","1","0.519","心满意足","xin1 man3 yi4 zu2","xīn mǎn yì zú","Happy in the heart","heart full desire enough","足","7",NA,NA,NA,"77385","0","0.000399914176459116","-7.82426059272955","G3","L3","true"
"24","diffT","4.828",NA,"1",NA,"心满意诅","xin1 man3 yi4 zu3",NA,NA,"heart full desire curse","诅","7","0","79.66","0.737674832344055","1535","1","7.9326518170801e-06","-11.7445231750551","G3","L2","false"
"24","sameT","4.828",NA,"1",NA,"心满意卒","xin1 man3 yi4 zu2",NA,NA,"heart full desire soldier","卒","8","-1","83.69","0.634344041347504","3306","0.833333333333333","1.70849165519653e-05","-10.9773145566954","G3","L1","false"
"25","corr","4.753","4.671","1","0.63","心甘情愿","xin1 gan1 qing2 yuan4","xīn gān qíng yuàn","Do something with passion","heart sweet emotion will","愿","14",NA,NA,NA,"67915","0","0.000350974624206511","-7.95479663281981","G2","L2","true"
"25","diffT","4.753",NA,"1",NA,"心甘情缘","xin1 gan1 qing2 yuan2",NA,NA,"heart sweet emotion fate","缘","12","2","51.97","0.530716300010681","19330","1","9.98945665303963e-05","-9.21139526287403","G2","L1","false"
"25","sameT","4.753",NA,"1",NA,"心甘情媛","xin1 gan1 qing2 yuan4",NA,NA,"heart sweet emotion beautiful_woman","媛","12","2","51.41","0.715323328971863","535","0.866666666666667","2.76480047044811e-06","-12.7985420881804","G2","L3","false"
"26","corr","4.813","4.6","1","0.889","志同道合","zhi4 tong2 dao4 he2","zhì tóng dào hé","To have the same principles","will same road align","合","6",NA,NA,NA,"239277","0","0.00123654796666806","-6.69543167946401","G2","L2","true"
"26","diffT","4.813",NA,"1",NA,"志同道吓","zhi4 tong2 dao4 he4",NA,NA,"will same road scare","吓","6","0","106.74","0.787495136260986","14620","0.6","7.55539866877596e-05","-9.49066310177264","G2","L1","false"
"26","sameT","4.813",NA,"1",NA,"志同道何","zhi4 tong2 dao4 he2",NA,NA,"will same road carry","何","7","-1","84.58","0.647450923919678","184335","0.5","0.000952615877981407","-6.9562988016896","G2","L3","false"
"27","corr","4.679","3.847","1","0.741","情有独钟","qing2 you3 du2 zhong1","qíng yǒu dú zhōng","Attraction","love have only concentrate","钟","9",NA,NA,NA,"36770","0","0.000190021894015658","-8.56837126078109","G2","L2","true"
"27","diffT","4.679",NA,"1",NA,"情有独重","qing2 you3 du2 zhong4",NA,NA,"love have only heavy","重","9","0","74.3","0.592411518096924","282843","1","0.00146169057843543","-6.52816158271104","G2","L1","false"
"27","sameT","4.679",NA,"1",NA,"情有独衷","qing2 you3 du2 zhong1",NA,NA,"love have only innerfeelings","衷","10","-1","86.57","0.577591061592102","5781","0.538461538461538","2.98753486348795e-05","-10.4184768779939","G2","L3","false"
"28","corr","4.66","4.268","1","0.815","惊天动地","jing1 tian1 dong4 di4","jīng tiān dòng dì","Huge impact","shock sky move ground","地","6",NA,NA,NA,"969349","0","0.00500945153500637","-5.29642884392871","G2","L2","true"
"28","diffT","4.66",NA,"1",NA,"惊天动邸","jing1 tian1 dong4 di3",NA,NA,"shock sky move residence","邸","7","-1","68.53","0.837331354618073","1521","0.6","7.86030189822725e-06","-11.7536855428171","G2","L1","false"
"28","sameT","4.66",NA,"1",NA,"惊天动弟","jing1 tian1 dong4 di4",NA,NA,"shock sky move littlebrother","弟","7","-1","77.42","0.723620891571045","42706","0.833333333333333","0.000220698259609266","-8.41871413050855","G2","L3","false"
"29","corr","4.731","3.915","1","0.815","我行我素","wo3 xing2 wo3 su4","wǒ xíng wǒ sù","Not care about people's opinions","me walk me essence","素","10",NA,NA,NA,"59100","0","0.00030542001458595","-8.09382263168222","G1","L1","true"
"29","diffT","4.731",NA,"1",NA,"我行我俗","wo3 xing2 wo3 su2",NA,NA,"me walk me popular","俗","9","1","56.46","0.613324701786041","17463","0.8","9.02461880662344e-05","-9.31296919913656","G1","L3","false"
"29","sameT","4.731",NA,"1",NA,"我行我速","wo3 xing2 wo3 su4",NA,NA,"me walk me fast","速","10","0","65.88","0.596226394176483","65094","1","0.000336396115557662","-7.9972211770259","G1","L2","false"
"3","corr","4.574","4.373","1","0.704","全心全意","quan2 xin1 quan2 yi4","quán xīn quán yì","With great purpose","all heart all mind","意","13",NA,NA,NA,"360232","0","0.00186162542629993","-6.28630528776482","G2","L2","true"
"3","diffT","4.574",NA,"1",NA,"全心全疑","quan2 xin1 quan2 yi2",NA,NA,"all heart all doubt","疑","14","-1","55.03","0.385139882564545","53982","0.7","0.000278970951393888","-8.18440289843123","G2","L1","false"
"3","sameT","4.574",NA,"1",NA,"全心全裔","quan2 xin1 quan2 yi4",NA,NA,"all heart all posterity/descendants","裔","13","0","49.5","0.636198043823242","2350","0.555555555555556","1.21444506645852e-05","-11.3186382279382","G2","L3","false"
"30","corr","4.443","2.805","1","0.852","扑朔迷离","pu1 shuo4 mi2 li2","pū shuò mí lí","not able to tell with certainty","jump male uncertain distinguish","离","10",NA,NA,NA,"100744","0","0.000520630016065093","-7.56047091039072","G1","L1","true"
"30","diffT","4.443",NA,"1",NA,"扑朔迷莉","pu1 shuo4 mi2 li4",NA,NA,"jump male uncertain jasmine","莉","10","0","51","0.755879044532776","8289","0.777777777777778","4.28363198122325e-05","-10.0581242214849","G1","L3","false"
"30","sameT","4.443",NA,"1",NA,"扑朔迷梨","pu1 shuo4 mi2 li2",NA,NA,"jump male uncertain pear","梨","11","-1","54.99","0.771393001079559","1884","0.777777777777778","9.73623193705466e-06","-11.5396563799401","G1","L2","false"
"31","corr","4.759","4.05","0.909","0.667","日新月异","ri4 xin1 yue4 yi4","rì xīn yuè yì","change day after day","sun new moon different","异","6",NA,NA,NA,"52735","0","0.000272526640764638","-8.20777418436569","G2","L2","true"
"31","diffT","4.759",NA,"0.909",NA,"日新月仪","ri4 xin1 yue4 yi2",NA,NA,"sun new moon ceremony","仪","5","1","87.87","0.605431318283081","19064","0.833333333333333","9.85199180721922e-05","-9.22525181629783","G2","L1","false"
"31","sameT","4.759",NA,"0.909",NA,"日新月亦","ri4 xin1 yue4 yi4",NA,NA,"sun new moon also","亦","6","0","68.15","0.50305187702179","37960","0.6","0.00019617163711815","-8.53652058235254","G2","L3","false"
"32","corr","4.543","3.235","0.538","0.889","有的放矢","you3 de5 fang4 shi3","yǒu de fàng shǐ","to have a precise goal","have target throw arrow","矢","5",NA,NA,NA,"2466","0","1.27439214207945e-05","-11.2704561513521","G3","L3","true"
"32","diffT","4.543",NA,"0.538",NA,"有的放石","you3 de5 fang4 shi2",NA,NA,"have target throw rock","石","5","0","78.47","0.547932863235474","102149","0.6","0.000527890847207111","-7.54662102440376","G3","L2","false"
"32","sameT","4.543",NA,"0.538",NA,"有的放史","you3 de5 fang4 shi3",NA,NA,"have target throw history","史","5","0","58.84","0.736730813980103","90469","1","0.000467530343478449","-7.66804630550557","G3","L1","false"
"33","corr","4.256","3.898","0.75","0.963","标本兼治","biao1 ben3 jian1 zhi4","biāo běn jiān zhì","deal with multiple problems","surface root together treat","治","8",NA,NA,NA,"156904","0","0.000810856547691945","-7.11741940273506","G2","L2","true"
"33","diffT","4.256",NA,"0.75",NA,"标本兼直","biao1 ben3 jian1 zhi2",NA,NA,"surface root together straighten","直","8","0","72.96","0.639271020889282","169439","0.75","0.000875635564321977","-7.04056057605273","G2","L1","false"
"33","sameT","4.256",NA,"0.75",NA,"标本兼质","biao1 ben3 jian1 zhi4",NA,NA,"surface root together question","质","8","0","60.52","0.636192679405212","104560","0.8","0.00054035053680384","-7.5232924867783","G2","L3","false"
"34","corr","4.719","4.474","0.867","0.889","根深蒂固","gen1 shen1 di4 gu4","gēn shēn dì gù","deeply rooted thing","root deep sprout strong","固","8",NA,NA,NA,"37582","0","0.000194218189309123","-8.54652834372731","G1","L1","true"
"34","diffT","4.719",NA,"0.867",NA,"根深蒂沽","gen1 shen1 di4 gu1",NA,NA,"root deep sprout buy","沽","8","0","67.53","0.640496015548706","1043","0.4","5.39006895453716e-06","-12.1309523800756","G1","L3","false"
"34","sameT","4.719",NA,"0.867",NA,"根深蒂故","gen1 shen1 di4 gu4",NA,NA,"root deep sprout old","故","9","-1","62.98","0.435827314853668","70067","0.4","0.000362095840304463","-7.92360162895691","G1","L2","false"
"35","corr","4.93","4.439","1","0.704","欢天喜地","huan1 tian1 xi3 di4","huān tiān xǐ dì","extremely happy","happy sky joyful earth","地","6",NA,NA,NA,"969349","0","0.00500945153500637","-5.29642884392871","G1","L1","true"
"35","diffT","4.93",NA,"1",NA,"欢天喜籴","huan1 tian1 xi3 di3",NA,NA,"happy sky joyful buy grain","籴","8","-2","68.48","0.783965408802032","106","0.75","5.47792242742991e-07","-14.4173697409643","G1","L3","false"
"35","sameT","4.93",NA,"1",NA,"欢天喜弟","huan1 tian1 xi3 di4",NA,NA,"happy sky joyful brother","弟","9","-3","77.42","0.7236209","42706","0.8333333","0.000341259063674843","-8.418714","G1","L2","false"
"36","corr","4.63","4.686","0.769","0.519","求真务实","qiu2 zhen1 wu4 shi2","qiú zhēn wù shí","do things seriously","search truth concentrate truth","实","8",NA,NA,NA,"368494","0","0.00190432221412581","-6.26362912682267","G3","L3","true"
"36","diffT","4.63",NA,"0.769",NA,"求真务式","qiu2 zhen1 wu4 shi4",NA,NA,"search truth concentrate type","式","6","2","71.64","0.616571426391602","142292","1","0.000735343903814958","-7.21517227183392","G3","L2","false"
"36","sameT","4.63",NA,"0.769",NA,"求真务时","qiu2 zhen1 wu4 shi2",NA,NA,"search truth concentrate hour","时","7","1","71.82","0.625908374786377","833532","1","0.00430756946866085","-5.44738146231885","G3","L1","false"
"37","corr","4.663","3.686","1","0.741","游刃有余","you2 ren4 you3 yu2","yóu rèn yǒu yú","sort it out with skills","move blade have extra","余","7",NA,NA,NA,"50601","0","0.000261498445990925","-8.24908221715028","G3","L3","true"
"37","diffT","4.663",NA,"1",NA,"游刃有雨","you2 ren4 you3 yu4",NA,NA,"move blade have rain","雨","8","-1","70.49","0.633708357810974","35370","0.6","0.000182786902130373","-8.60718955287688","G3","L2","false"
"37","sameT","4.663",NA,"1",NA,"游刃有鱼","you2 ren4 you3 yu2",NA,NA,"move blade have fish","鱼","8","-1","64.17","0.676875352859497","40452","0.777777777777778","0.000209049922673957","-8.47293747005434","G3","L1","false"
"38","corr","4.652","4.294","0.769","0.852","独树一帜","du2 shu4 yi1 zhi4","dú shù yī zhì","stand out","only stand one flag","帜","8",NA,NA,NA,"2452","0","1.26715715019416e-05","-11.2761495380203","G1","L1","true"
"38","diffT","4.652",NA,"0.769",NA,"独树一直","du2 shu4 yi1 zhi2",NA,NA,"only stand one straighten","直","8","0","76.12","0.665597558021545","169439","0.75","0.000875635564321977","-7.04056057605273","G1","L3","false"
"38","sameT","4.652",NA,"0.769",NA,"独树一质","du2 shu4 yi1 zhi4",NA,NA,"only stand one question","质","8","0","69.08","0.654701113700867","104560","0.8","0.00054035053680384","-7.5232924867783","G1","L2","false"
"39","corr","4.324","3.765","1","0.852","琳琅满目","lin2 lang2 man3 mu4","lín láng mǎn mù","beautiful things to see","beautiful jem full eye","目","5",NA,NA,NA,"180827","0","0.000934487055457422","-6.97551278300256","G3","L3","true"
"39","diffT","4.324",NA,"1",NA,"琳琅满母","lin2 lang2 man3 mu3",NA,NA,"beautiful jem full mother","母","5","0","80.07","0.625924825668335","71462","1","0.000369304992933015","-7.90388771620523","G3","L2","false"
"39","sameT","4.324",NA,"1",NA,"琳琅满木","lin2 lang2 man3 mu4",NA,NA,"beautiful jem full tree","木","4","1","105.96","0.552642464637756","54433","1","0.000281301652351219","-8.17608296850342","G3","L1","false"
"4","corr","4.93","4.246","1","0.815","再接再厉","zai4 jie1 zai4 li4","zài jiē zài lì","To persevere","again continue again dedicate","厉","5",NA,NA,NA,"17726","0","9.16053329703986e-05","-9.29802106777806","G1","L1","true"
"4","diffT","4.93",NA,"1",NA,"再接再礼","zai4 jie1 zai4 li3",NA,NA,"again continue again gift","礼","5","0","88.09","0.6723467","35612","1","0.00138918562404218","-8.600371","G1","L3","false"
"4","sameT","4.93",NA,"1",NA,"再接再立","zai4 jie1 zai4 li4",NA,NA,"again continue again stand","立","5","0","86.23","0.570423543453217","204985","0.5","0.00105933200828936","-6.85011675036468","G1","L2","false"
"40","corr","4.828","4.521","1","0.556","甜言蜜语","tian2 yan2 mi4 yu3","tián yán mì yǔ","to use flattering words","sweet words honey speech","语","9",NA,NA,NA,"82805","0","0.000427923930757862","-7.75656511005281","G2","L2","true"
"40","diffT","4.828",NA,"1",NA,"甜言蜜鱼","tian2 yan2 mi4 yu2",NA,NA,"sweet words honey fish","鱼","8","1","62.03","0.699845671653748","40452","0.818181818181818","0.000209049922673957","-8.47293747005434","G2","L1","false"
"40","sameT","4.828",NA,"1",NA,"甜言蜜俣","tian2 yan2 mi4 yu3",NA,NA,"sweet words honey big","俣","9","0","53.43","0.692597031593323","197","0.5","1.0180667152865e-06","-13.7976051063384","G2","L3","false"
"41","corr","4.782","4.322","1","0.778","精打细算","jing1 da3 xi4 suan4","jīng dǎ xì suàn","to plan in detail","refined do subtle count","算","14",NA,NA,NA,"105293","0","0.000544138571840922","-7.51630661589716","G2","L2","true"
"41","diffT","4.782",NA,"1",NA,"精打细酸","jing1 da3 xi4 suan1",NA,NA,"refined do subtle sour","酸","14","0","64.64","0.712796568870544","14855","1","7.67684317542181e-05","-9.4747170471797","G2","L1","false"
"41","sameT","4.782",NA,"1",NA,"精打细蒜","jing1 da3 xi4 suan4",NA,NA,"refined do subtle garlic","蒜","13","1","52.24","0.703918933868408","1091","0.833333333333333","5.6381258191755e-06","-12.0859588492433","G2","L3","false"
"42","corr","4.382","3.608","1","0.815","耐人寻味","nai4 ren2 xun2 wei4","nài rén xún wèi","to spark the imagination","resist people search taste","味","8",NA,NA,NA,"40704","0","0.000210352221213308","-8.46672718837661","G2","L2","true"
"42","diffT","4.382",NA,"1",NA,"耐人寻违","nai4 ren2 xun2 wei2",NA,NA,"resist people search disobey","违","7","1","60.74","0.673227787017822","22751","1","0.000117573785987224","-9.04844445561939","G2","L1","false"
"42","sameT","4.382",NA,"1",NA,"耐人寻畏","nai4 ren2 xun2 wei4",NA,NA,"resist people search fear","畏","9","-1","76.46","0.626778244972229","6722","1","3.47382967520602e-05","-10.2676678267914","G2","L3","false"
"43","corr","4.632","4.431","1","0.778","自始至终","zi4 shi3 zhi4 zhong1","zì shǐ zhì zhōng","endless","from beginning to end","终","8",NA,NA,NA,"72533","0","0.000374839761725258","-7.88901192537939","G3","L3","true"
"43","diffT","4.632",NA,"1",NA,"自始至重","zi4 shi3 zhi4 zhong4",NA,NA,"from beginning to heavy","重","9","-1","69.4","0.56704044342041","282843","1","0.00146169057843543","-6.52816158271104","G3","L2","false"
"43","sameT","4.632",NA,"1",NA,"自始至衷","zi4 shi3 zhi4 zhong1",NA,NA,"from beginning to innerfeelings","衷","10","-2","62.25","0.523495554924011","5781","0.733333333333333","2.98753486348795e-05","-10.4184768779939","G3","L1","false"
"44","corr","4.691","4.216","1","0.852","自欺欺人","zi4 qi1 qi1 ren2","zì qī qī rén","to deceive","self deceive deceive person","人","2",NA,NA,NA,"1867999","0","0.0096535411476572","-4.64043047263753","G1","L1","true"
"44","diffT","4.691",NA,"1",NA,"自欺欺刃","zi4 qi1 qi1 ren4",NA,NA,"self deceive deceive edge_of_the_knife","刃","3","-1","103.88","0.732971429824829","2858","1","1.47697191486742e-05","-11.1229314765866","G1","L3","false"
"44","sameT","4.691",NA,"1",NA,"自欺欺壬","zi4 qi1 qi1 ren2",NA,NA,"self deceive deceive ninth","壬","4","-2","117.46","0.772993445396423","564","1","2.91466815950044e-06","-12.7457545835783","G1","L2","false"
"45","corr","4.85","4.686","1","0.667","自言自语","zi4 yan2 zi4 yu3","zì yán zì yǔ","think out loud","self talk self speech","语","9",NA,NA,NA,"82805","0","0.000427923930757862","-7.75656511005281","G3","L3","true"
"45","diffT","4.85",NA,"1",NA,"自言自鱼","zi4 yan2 zi4 yu2",NA,NA,"self talk self fish","鱼","8","1","62.03","0.699845671653748","40452","0.818181818181818","0.000209049922673957","-8.47293747005434","G3","L2","false"
"45","sameT","4.85",NA,"1",NA,"自言自俣","zi4 yan2 zi4 yu3",NA,NA,"self talk self big","俣","9","0","53.43","0.692597031593323","197","0.5","1.0180667152865e-06","-13.7976051063384","G3","L1","false"
"46","corr","4.152","3.784","0.769","0.852","舞文弄墨","wu3 wen2 nong4 mo4","wǔ wén nòng mò","play with words","play writing manipulate ink","墨","15",NA,NA,NA,"13959","0","7.21380369476359e-05","-9.53692909456365","G1","L1","true"
"46","diffT","4.152",NA,"0.769",NA,"舞文弄模","wu3 wen2 nong4 mo2",NA,NA,"play writing manipulate model","模","13","2","46.39","0.706910967826843","54891","0.625","0.000283668528267976","-8.16770415544373","G1","L3","false"
"46","sameT","4.152",NA,"0.769",NA,"舞文弄磨","wu3 wen2 nong4 mo4",NA,NA,"play writing manipulate grind","磨","16","-1","47.24","0.535614371299744","13082","0.777777777777778","6.76058313166396e-05","-9.60181631655525","G1","L2","false"
"47","corr","4.667","4.561","1","0.889","若隐若现","ruo4 yin3 ruo4 xian4","ruò yǐn ruò xiàn","be vague","like hide like appear","现","8",NA,NA,NA,"433960","0","0.00224264077038442","-6.10010119214002","G1","L1","true"
"47","diffT","4.667",NA,"1",NA,"若隐若贤","ruo4 yin3 ruo4 xian2",NA,NA,"like hide like worthy","贤","8","0","62.58","0.589670658111572","7713","0.857142857142857","3.98596374365725e-05","-10.1301463391424","G1","L3","false"
"47","sameT","4.667",NA,"1",NA,"若隐若限","ruo4 yin3 ruo4 xian4",NA,NA,"like hide like limit","限","8","0","55.59","0.602126955986023","66018","0.8","0.00034117121020195","-7.98312612397844","G1","L2","false"
"48","corr","4.91","4.305","1","0.926","见义勇为","jian4 yi4 yong3 wei2","jiàn yì yǒng wéi","to be brave","see justice brave act","为","4",NA,NA,NA,"1039036","0","0.00536958359179911","-5.22700491689462","G2","L2","true"
"48","diffT","4.91",NA,"1",NA,"见义勇未","jian4 yi4 yong3 wei4",NA,NA,"see justice brave not_yet","未","5","-1","75.3","0.57694149017334","110491","1","0.000571001063140715","-7.46811948641733","G2","L1","false"
"48","sameT","4.91",NA,"1",NA,"见义勇韦","jian4 yi4 yong3 wei2",NA,NA,"see justice brave leather","韦","4","0","91.14","0.763003587722778","10882","1","5.62365583540493e-05","-9.78594350803053","G2","L3","false"
"49","corr","4.632","4.439","0.867","0.704","谈天说地","tan2 tian1 shuo1 di4","tán tiān shuō dì","talk of everything","say sky say earth","地","6",NA,NA,NA,"969349","0","0.00500945153500637","-5.29642884392871","G3","L3","true"
"49","diffT","4.632",NA,"0.867",NA,"谈天说邸","tan2 tian1 shuo1 di3",NA,NA,"say sky say residence","邸","7","-1","68.53","0.837331354618073","1521","0.6","7.86030189822725e-06","-11.7536855428171","G3","L2","false"
"49","sameT","4.632",NA,"0.867",NA,"谈天说弟","tan2 tian1 shuo1 di4",NA,NA,"say sky say little brother","弟","7","-1","77.42","0.723620891571045","42706","0.833333333333333","0.000220698259609266","-8.41871413050855","G3","L1","false"
"5","corr","4.63","4.784","1","0.704","冰天雪地","bing1 tian1 xue3 di4","bīng tiān xuě dì","Very cold","ice sky snow earth","地","6",NA,NA,NA,"969349","0","0.00500945153500637","-5.29642884392871","G1","L1","true"
"5","diffT","4.63",NA,"1",NA,"冰天雪邸","bing1 tian1 xue3 di3",NA,NA,"ice sky snow residence","邸","7","-1","66.53","0.837331354618073","1521","0.6","7.86030189822725e-06","-11.7536855428171","G1","L3","false"
"5","sameT","4.63",NA,"1",NA,"冰天雪弟","bing1 tian1 xue3 di4",NA,NA,"ice sky snow little brother","弟","7","-1","77.42","0.723620891571045","42706","0.833333333333333","0.000220698259609266","-8.41871413050855","G1","L2","false"
"50","corr","4.739","4.784","1","0.852","赏心悦目","shang3 xin1 yue4 mu4","shǎng xīn yuè mù","nice to hear","appreciate heart return eye","目","5",NA,NA,NA,"180827","0","0.000934487055457422","-6.97551278300256","G1","L1","true"
"50","diffT","4.739",NA,"1",NA,"赏心悦母","shang3 xin1 yue4 mu3",NA,NA,"appreciate heart return mother","母","5","0","80.07","0.625924825668335","71462","1","0.000369304992933015","-7.90388771620523","G1","L3","false"
"50","sameT","4.739",NA,"1",NA,"赏心悦木","shang3 xin1 yue4 mu4",NA,NA,"appreciate heart return tree","木","4","1","105.96","0.552642464637756","54433","1","0.000281301652351219","-8.17608296850342","G1","L2","false"
"51","corr","4.621","4.109","1","0.704","铺天盖地","pu1 tian1 gai4 di4","pū tiān gài dì","spread everywhere","spread sky cover soil","地","6",NA,NA,NA,"969349","0","0.00500945153500637","-5.29642884392871","G1","L1","true"
"51","diffT","4.621",NA,"1",NA,"铺天盖籴","pu1 tian1 gai4 di3",NA,NA,"spread sky cover buy grain","籴","8","-1","68.48","0.783965408802032","106","0.75","5.47792242742991e-07","-14.4173697409643","G1","L3","false"
"51","sameT","4.621",NA,"1",NA,"铺天盖帝","pu1 tian1 gai4 di4",NA,NA,"spread sky cover emperor","帝","9","-3","70.23","0.8327733","66035","0.75","0.000220698259609266","-7.982869","G1","L2","false"
"52","corr","4.674","3.059","0.769","0.741","风花雪月","feng1 hua1 xue3 yue4","fēng huā xuě yuè","romantic","wind flower snow moon","月","4",NA,NA,NA,"240566","0","0.00124320932705387","-6.69005907592257","G3","L3","true"
"52","diffT","4.674",NA,"0.769",NA,"风花雪曰","feng1 hua1 xue3 yue1",NA,NA,"wind flower snow speak","曰","4","0","104.25","0.736825942993164","11075","1","5.72339536639492e-05","-9.76836324016307","G3","L2","false"
"52","sameT","4.674",NA,"0.769",NA,"风花雪乐","feng1 hua1 xue3 yue4",NA,NA,"wind flower snow music","乐","5","-1","75.76","0.661362171173096","64965","1","0.000335729462733947","-7.99920489275957","G3","L1","false"
"53","corr","4.475","3.957","1","0.926","风起云涌","feng1 qi3 yun2 yong3","fēng qǐ yún yǒng","largely spread phenomena","wind rise cloud emerge","涌","10",NA,NA,NA,"11228","0","5.80246349199839e-05","-9.75464289759463","G3","L3","true"
"53","diffT","4.475",NA,"1",NA,"风起云庸","feng1 qi3 yun2 yong1",NA,NA,"wind rise cloud common","庸","11","-1","50.16","0.693909406661987","5835","1","3.01544126075976e-05","-10.4091792903557","G3","L2","false"
"53","sameT","4.475",NA,"1",NA,"风起云勇","feng1 qi3 yun2 yong3",NA,NA,"wind rise cloud brave","勇","9","1","53.17","0.673902928829193","21819","0.375","0.000112757348532163","-9.09027240625375","G3","L1","false"
"54","corr","4.735","4.647","1","0.852","齐心协力","qi2 xin1 xie2 li4","qí xīn xié lì","work together","together heart cooperate power","力","2",NA,NA,NA,"359136","0","0.00185596146122402","-6.28935240926042","G3","L3","true"
"54","diffT","4.735",NA,"1",NA,"齐心协礼","qi2 xin1 xie2 li3",NA,NA,"together heart cooperate gift","礼","5","-3","88.09","0.672346711158752","35612","1","0.000184037522156258","-8.60037089638284","G3","L2","false"
"54","sameT","4.735",NA,"1",NA,"齐心协立","qi2 xin1 xie2 li4",NA,NA,"together heart cooperate stand","立","5","-3","66.72","0.60686981678009","204985","1","0.00105933200828936","-6.85011675036468","G3","L1","false"
"6","corr","4.67","4.293","1","0.815","千方百计","qian1 fang1 bai3 ji4","qiān fāng bǎi jì","Try everything","thousand methods hundred plans","计","4",NA,NA,NA,"171949","0","0.000888606871202023","-7.02585563487699","G1","L1","true"
"6","diffT","4.67",NA,"1",NA,"千方百吉","qian1 fang1 bai3 ji2",NA,NA,"thousand methods hundred lucky","吉","6","-2","93.55","0.636153936386108","40081","0.75","0.000207132649824357","-8.48215114952911","G1","L3","false"
"6","sameT","4.67",NA,"1",NA,"千方百忌","qian1 fang1 bai3 ji4",NA,NA,"thousand methods hundred fear","忌","7","-3","88.31","0.640032649040222","7938","1","4.10224039895647e-05","-10.1013922017334","G1","L2","false"
"7","corr","4.825","4.439","1","0.593","原汁原味","yuan2 zhi1 yuan2 wei4","yuán zhī yuán wèi","Authentic","original juice original taste","味","8",NA,NA,NA,"40704","0","0.000210352221213308","-8.46672718837661","G2","L2","true"
"7","diffT","4.825",NA,"1",NA,"原汁原违","yuan2 zhi1 yuan2 wei2",NA,NA,"original juice original disobey","违","7","1","60.74","0.673227787017822","22751","1","0.000117573785987224","-9.04844445561939","G2","L1","false"
"7","sameT","4.825",NA,"1",NA,"原汁原畏","yuan2 zhi1 yuan2 wei4",NA,NA,"original juice original fear","畏","9","-1","76.46","0.626778244972229","6722","1","3.47382967520602e-05","-10.2676678267914","G2","L3","false"
"8","corr","4.737","4.737","0.867","0.63","反腐倡廉","fan3 fu3 chang4 lian2","fǎn fǔ chàng lián","Fight against corruption","contrast corruption promote honesty","廉","13",NA,NA,NA,"8854","0","4.57561558230796e-05","-9.99218422178432","G1","L1","true"
"8","diffT","4.737",NA,"0.867",NA,"反腐倡链","fan3 fu3 chang4 lian4",NA,NA,"contrast corruption promote chain","链","12","1","59.18","0.763892531394958","6223","1","3.21595389300908e-05","-10.3448014505072","G1","L3","false"
"8","sameT","4.737",NA,"0.867",NA,"反腐倡联","fan3 fu3 chang4 lian2",NA,NA,"contrast corruption promote ally","联","12","1","53.51","0.526011526584625","120301","0.625","0.000621697684851175","-7.38305662059623","G1","L2","false"
"9","corr","4.074","3.431","0.923","0.815","叹为观止","tan4 wei2 guan1 zhi3","tàn wéi guān zhǐ","To admire something","sigh consider see stop","止","4",NA,NA,NA,"68082","0","0.000351837655381399","-7.95234069505736","G1","L1","true"
"9","diffT","4.074",NA,"0.923",NA,"叹为观汁","tan4 wei2 guan1 zhi1",NA,NA,"sigh consider see juice","汁","5","-1","118.77","0.760334610939026","3564","1","1.84182221993964e-05","-10.9021700464857","G1","L3","false"
"9","sameT","4.074",NA,"0.923",NA,"叹为观旨","tan4 wei2 guan1 zhi3",NA,NA,"sigh consider see purpose","旨","6","-2","108.67","0.733427286148071","10590","1","5.47275457608327e-05","-9.81314339648095","G1","L2","false"
