"Item","Condition","Predictability","Spelling","Pin_yin","Ur_Pinyin","Fig_Transl","Lit_Transl","Last_char","Strokes","StrokeDiff"
1,"corr",1,"一心一意","yi1 xin1 yi1 yi4","yī xīn yī yì","Wholeheartedly","one heart one mind","意",13,NA
1,"diffT",NA,"一心一疑","yi1 xin1 yi1 yi2",NA,NA,"one heart one doubt","疑",14,-1
1,"sameT",NA,"一心一裔","yi1 xin1 yi1 yi4",NA,NA,"one heart one posterity/descendants","裔",13,0
2,"corr",1,"一模一样","yi1 mu2 yi1 yang4","yī mú yī yàng","Perfectly similar","one model one aspect","样",10,NA
2,"diffT",NA,"一模一洋","yi1 mu2 yi1 yang2",NA,NA,"one model one ocean","洋",10,0
2,"sameT",NA,"一模一烊","yi1 mu2 yi1 yang4",NA,NA,"one model one melt","烊",10,0
3,"corr",0.833,"不折不扣","bu4 zhe2 bu4 kou4","bù zhé bù kòu","Without any detraction, 100%","not bend not remove","扣",6,NA
3,"diffT",NA,"不折不抠","bu4 zhe2 bu4 kou1",NA,NA,"not bend not carve/cut","抠",7,-1
3,"sameT",NA,"不折不叩","bu4 zhe2 bu4 kou4",NA,NA,"not bend not knock","叩",6,0
4,"corr",0.692,"不知不觉","bu4 zhi1 bu4 jue2","bù zhī bù jué","Without realizing","not know not notice","觉",9,NA
4,"diffT",NA,"不知不绝","bu4 zhi1 bu4 jue4",NA,NA,"not know not break","绝",9,0
4,"sameT",NA,"不知不珏","bu4 zhi1 bu4 jue2",NA,NA,"not know not jade","珏",9,0
9,"corr",1,"何去何从","he2 qu4 he2 cong2","hé qù hé cóng","Uncertainty about direction","where go where follow","从",4,NA
9,"diffT",NA,"何去何匆","he2 qu4 he2 cong1",NA,NA,"where go where hurried","匆",5,-1
9,"sameT",NA,"何去何丛","he2 qu4 he2 cong2",NA,NA,"where go where crowd","丛",5,-1
10,"corr",1,"全心全意","quan2 xin1 quan2 yi4","quán xīn quán yì","With great purpose","all heart all mind","意",13,NA
10,"diffT",NA,"全心全疑","quan2 xin1 quan2 yi2",NA,NA,"all heart all doubt","疑",14,-1
10,"sameT",NA,"全心全裔","quan2 xin1 quan2 yi4",NA,NA,"all heart all posterity/descendants","裔",13,0
11,"corr",1,"再接再厉","zai4 jie1 zai4 li4","zài jiē zài lì","To persevere","again continue again dedicate","厉",5,NA
11,"diffT",NA,"再接再礼","zai4 jie1 zai4 li3",NA,NA,"again continue again gift","礼",5,0
11,"sameT",NA,"再接再立","zai4 jie1 zai4 li4",NA,NA,"again continue again stand","立",5,0
12,"corr",1,"冰天雪地","bing1 tian1 xue3 di4","bīng tiān xuě dì","Very cold","ice sky snow earth","地",6,NA
12,"diffT",NA,"冰天雪邸","bing1 tian1 xue3 di3",NA,NA,"ice sky snow residence","邸",7,-1
12,"sameT",NA,"冰天雪弟","bing1 tian1 xue3 di4",NA,NA,"ice sky snow little brother","弟",7,-1
13,"corr",0.933,"出神入化","chu1 shen2 ru4 hua4","chū shén rù huà","To reach a sublime state","exit spirit enter transformation","化",4,NA
13,"diffT",NA,"出神入华","chu1 shen2 ru4 hua2",NA,NA,"exit spirit enter flower","华",6,-2
13,"sameT",NA,"出神入划","chu1 shen2 ru4 hua4",NA,NA,"exit spirit enter delimit","划",6,-2
14,"corr",1,"出类拔萃","chu1 lei4 ba2 cui4","chū lèi bá cuì","To stand out","exit category lift perfection","萃",11,NA
14,"diffT",NA,"出类拔催","chu1 lei4 ba2 cui1",NA,NA,"exit category lift rush","催",13,-2
14,"sameT",NA,"出类拔倅","chu1 lei4 ba2 cui4",NA,NA,"exit category lift auxiliary","倅",10,1
17,"corr",1,"刻骨铭心","ke4 gu3 ming2 xin1","kè gǔ míng xīn","Unforgettable","carve bone sculpt heart","心",4,NA
17,"diffT",NA,"刻骨铭㐰","ke4 gu3 ming2 xin4",NA,NA,"carve bone sculpt letter/believe","㐰",5,-1
17,"sameT",NA,"刻骨铭䜣","ke4 gu3 ming2 xin1",NA,NA,"carve bone sculpt pleased/happy","䜣",5,-1
18,"corr",1,"千奇百怪","qian1 qi2 bai3 guai4","qiān qí bǎi guài","Moltitude of odds","thousand wonders hundred odds","怪",8,NA
18,"diffT",NA,"千奇百乖","qian1 qi2 bai3 guai1",NA,NA,"thousand wonders hundred obedient","乖",8,0
18,"sameT",NA,"千奇百䊽","qian1 qi2 bai3 guai4",NA,NA,"thousand wonders hundred thread","䊽",10,-2
19,"corr",1,"千方百计","qian1 fang1 bai3 ji4","qiān fāng bǎi jì","Try everything","thousand methods hundred plans","计",4,NA
19,"diffT",NA,"千方百吉","qian1 fang1 bai3 ji2",NA,NA,"thousand methods hundred lucky","吉",6,-2
19,"sameT",NA,"千方百忌","qian1 fang1 bai3 ji4",NA,NA,"thousand methods hundred fear","忌",7,-3
21,"corr",1,"原汁原味","yuan2 zhi1 yuan2 wei4","yuán zhī yuán wèi","Authentic","original juice original taste","味",8,NA
21,"diffT",NA,"原汁原违","yuan2 zhi1 yuan2 wei2",NA,NA,"original juice original disobey","违",7,1
21,"sameT",NA,"原汁原畏","yuan2 zhi1 yuan2 wei4",NA,NA,"original juice original fear","畏",9,-1
22,"corr",0.867,"反腐倡廉","fan3 fu3 chang4 lian2","fǎn fǔ chàng lián","Fight against corruption","contrast corruption promote honesty","廉",13,NA
22,"diffT",NA,"反腐倡链","fan3 fu3 chang4 lian4",NA,NA,"contrast corruption promote chain","链",12,1
22,"sameT",NA,"反腐倡联","fan3 fu3 chang4 lian2",NA,NA,"contrast corruption promote ally","联",12,1
23,"corr",1,"古色古香","gu3 se4 gu3 xiang1","gǔ sè gǔ xiāng","Classical taste","ancient color ancient scent","香",9,NA
23,"diffT",NA,"古色古晑","gu3 se4 gu3 xiang3",NA,NA,"ancient color ancient bright","晑",10,-1
23,"sameT",NA,"古色古相","gu3 se4 gu3 xiang1",NA,NA,"ancient color ancient mutual","相",9,0
24,"corr",0.923,"叹为观止","tan4 wei2 guan1 zhi3","tàn wéi guān zhǐ","To admire something","sigh consider see stop","止",4,NA
24,"diffT",NA,"叹为观汁","tan4 wei2 guan1 zhi1",NA,NA,"sigh consider see juice","汁",5,-1
24,"sameT",NA,"叹为观旨","tan4 wei2 guan1 zhi3",NA,NA,"sigh consider see purpose","旨",6,-2
25,"corr",1,"各式各样","ge4 shi4 ge4 yang4","gè shì gè yàng","Of every type","every shape every aspect","样",10,NA
25,"diffT",NA,"各式各洋","ge4 shi4 ge4 yang2",NA,NA,"every shape every ocean","洋",9,1
25,"sameT",NA,"各式各恙","ge4 shi4 ge4 yang4",NA,NA,"every shape every sickness","恙",10,0
26,"corr",1,"同舟共济","tong2 zhou1 gong4 ji4","tóng zhōu gòng jì","To be on the same boat","same boat together help","济",9,NA
26,"diffT",NA,"同舟共疾","tong2 zhou1 gong4 ji2",NA,NA,"same boat together disease","疾",10,-1
26,"sameT",NA,"同舟共剂","tong2 zhou1 gong4 ji4",NA,NA,"same boat together medicine","剂",8,1
27,"corr",1,"咬牙切齿","yao3 ya2 qie4 chi3","yǎo yá qiè chǐ","To be furious","bite mouth tighten teeth","齿",8,NA
27,"diffT",NA,"咬牙切蚩","yao3 ya2 qie4 chi1",NA,NA,"bite mouth tighten ignorant","蚩",10,-2
27,"sameT",NA,"咬牙切侈","yao3 ya2 qie4 chi3",NA,NA,"bite mouth tighten extravagant","侈",8,0
28,"corr",1,"因地制宜","yin1 di4 zhi4 yi2","yīn dì zhì yí","Best according to circumstances","depending earth establish best","宜",8,NA
28,"diffT",NA,"因地制易","yin1 di4 zhi4 yi4",NA,NA,"depending earth establish change","易",8,0
28,"sameT",NA,"因地制怡","yin1 di4 zhi4 yi2",NA,NA,"depending earth establish harmony","怡",8,0
29,"corr",1,"多愁善感","duo1 chou2 shan4 gan3","duō chóu shàn gǎn","Emotional","lot worry much sentiment","感",13,NA
29,"diffT",NA,"多愁善榦","duo1 chou2 shan4 gan4",NA,NA,"lot worry much treetrunk","榦",14,-1
29,"sameT",NA,"多愁善橄","duo1 chou2 shan4 gan3",NA,NA,"lot worry much olive","橄",15,-2
30,"corr",1,"大吃一惊","da4 chi1 yi1 jing1","dà chī yī jīng","To be surprised","big eat one shock","惊",11,NA
30,"diffT",NA,"大吃一颈","da4 chi1 yi1 jing3",NA,NA,"big eat one neck","颈",11,0
30,"sameT",NA,"大吃一晶","da4 chi1 yi1 jing1",NA,NA,"big eat one crystal","晶",12,-1
31,"corr",1,"大同小异","da4 tong2 xiao3 yi4","dà tóng xiǎo yì","Similar","big equal small different","异",6,NA
31,"diffT",NA,"大同小仪","da4 tong2 xiao3 yi2",NA,NA,"big equal small ceremony","仪",5,1
31,"sameT",NA,"大同小亦","da4 tong2 xiao3 yi4",NA,NA,"big equal small also","亦",6,0
32,"corr",1,"大惊小怪","da4 jing1 xiao3 guai4","dà jīng xiǎo guài","Make a scene","big shock little odd","怪",8,NA
32,"diffT",NA,"大惊小乖","da4 jing1 xiao3 guai1",NA,NA,"big shock little obedient","乖",8,0
32,"sameT",NA,"大惊小䊽","da4 jing1 xiao3 guai4",NA,NA,"big shock little thread","䊽",10,-2
34,"corr",1,"天涯海角","tian1 ya2 hai3 jiao3","tiān yá hǎi jiǎo","Opposites","sky edge sea corner","角",7,NA
34,"diffT",NA,"天涯海娇","tian1 ya2 hai3 jiao1",NA,NA,"sky edge sea lovable","娇",9,-2
34,"sameT",NA,"天涯海狡","tian1 ya2 hai3 jiao3",NA,NA,"sky edge sea crafty","狡",9,-2
35,"corr",1,"如火如荼","ru2 huo3 ru2 tu2","rú huǒ rú tú","Full expansion","like fire like grass","荼",10,NA
35,"diffT",NA,"如火如兔","ru2 huo3 ru2 tu4",NA,NA,"like fire like rabbit","兔",8,2
35,"sameT",NA,"如火如徒","ru2 huo3 ru2 tu2",NA,NA,"like fire like apprentice","徒",10,0
37,"corr",1,"安居乐业","an1 ju1 le4 ye4","ān jū lè yè","To live peacefully","peacefully live enjoy work","业",5,NA
37,"diffT",NA,"安居乐爷","an1 ju1 le4 ye2",NA,NA,"peacefully live enjoy grandpa","爷",6,-1
37,"sameT",NA,"安居乐叶","an1 ju1 le4 ye4",NA,NA,"peacefully live enjoy leaf","叶",5,0
38,"corr",1,"对症下药","dui4 zheng4 xia4 yao4","duì zhèng xià yào","To treat something","regarding disease give medicine","药",9,NA
38,"diffT",NA,"对症下姚","dui4 zheng4 xia4 yao2",NA,NA,"regarding disease give handsome","姚",9,0
38,"sameT",NA,"对症下钥","dui4 zheng4 xia4 yao4",NA,NA,"regarding disease give key","钥",9,0
39,"corr",1,"应有尽有","ying1 you3 jin4 you3","yīng yǒu jìn yǒu","Everything at its place","should exist everything exist","有",6,NA
39,"diffT",NA,"应有尽优","ying1 you3 jin4 yao1",NA,NA,"should exist everything excellent","优",6,0
39,"sameT",NA,"应有尽卣","ying1 you3 jin4 you3",NA,NA,"should exist everything winecontainer","卣",7,-1
40,"corr",0.867,"异口同声","yi4 kou3 tong2 sheng1","yì kǒu tóng shēng","To speak in chorus","different mouth same voice","声",7,NA
40,"diffT",NA,"异口同省","yi4 kou3 tong2 sheng3",NA,NA,"different mouth same save","省",9,-2
40,"sameT",NA,"异口同泩","yi4 kou3 tong2 sheng1",NA,NA,"different mouth same flood","泩",8,-1
41,"corr",1,"弄虚作假","nong4 xu1 zuo4 jia3","nòng xū zuò jiǎ","Lie","do fake create mischievous","假",11,NA
41,"diffT",NA,"弄虚作颊","nong4 xu1 zuo4 jia2",NA,NA,"do fake create cheeks","颊",12,-1
41,"sameT",NA,"弄虚作胛","nong4 xu1 zuo4 jia3",NA,NA,"do fake create shoulder_blade","胛",9,2
42,"corr",1,"引人入胜","yin3 ren2 ru4 sheng4","yǐn rén rù shèng","Mesmerize people with beauty","lure person enter splendor","胜",9,NA
42,"diffT",NA,"引人入绳","yin3 ren2 ru4 sheng2",NA,NA,"lure person enter rope/string","绳",11,-2
42,"sameT",NA,"引人入盛","yin3 ren2 ru4 sheng4",NA,NA,"lure person enter prosperous","盛",11,-2
43,"corr",1,"得心应手","de2 xin1 ying4 shou3","dé xīn yìng shǒu","Do something with skills","obtain heart adapt hand","手",4,NA
43,"diffT",NA,"得心应收","de2 xin1 ying4 shou1",NA,NA,"obtain heart adapt receive","收",6,-2
43,"sameT",NA,"得心应守","de2 xin1 ying4 shou3",NA,NA,"obtain heart adapt guard","守",6,-2
44,"corr",0.917,"循序渐进","xun2 xu4 jian4 jin4","xún xù jiàn jìn","Follow a reasonable order","follow step gradually enter","进",7,NA
44,"diffT",NA,"循序渐金","xun2 xu4 jian4 jin1",NA,NA,"follow step gradually gold","金",8,-1
44,"sameT",NA,"循序渐妗","xun2 xu4 jian4 jin4",NA,NA,"follow step gradually aunt","妗",7,0
45,"corr",1,"心平气和","xin1 ping2 qi4 he2","xīn píng qì hé","Peaceful attitude","heart quiet breath peaceful","和",8,NA
45,"diffT",NA,"心平气诃","xin1 ping2 qi4 he1",NA,NA,"heart quiet breath scold","诃",8,0
45,"sameT",NA,"心平气河","xin1 ping2 qi4 he2",NA,NA,"heart quiet breath river","河",8,0
46,"corr",1,"心旷神怡","xin1 kuang4 shen2 yi2","xīn kuàng shén yí","Full of joy","heart free spirit harmonious","怡",8,NA
46,"diffT",NA,"心旷神异","xin1 kuang4 shen2 yi4",NA,NA,"heart free spirit different","异",6,2
46,"sameT",NA,"心旷神夷","xin1 kuang4 shen2 yi2",NA,NA,"heart free spirit barbarians","夷",6,2
47,"corr",1,"心满意足","xin1 man3 yi4 zu2","xīn mǎn yì zú","Happy in the heart","heart full desire enough","足",7,NA
47,"diffT",NA,"心满意诅","xin1 man3 yi4 zu3",NA,NA,"heart full desire curse","诅",7,0
47,"sameT",NA,"心满意卒","xin1 man3 yi4 zu2",NA,NA,"heart full desire soldier","卒",8,-1
48,"corr",1,"心甘情愿","xin1 gan1 qing2 yuan4","xīn gān qíng yuàn","Do something with passion","heart sweet emotion will","愿",14,NA
48,"diffT",NA,"心甘情缘","xin1 gan1 qing2 yuan2",NA,NA,"heart sweet emotion fate","缘",12,2
48,"sameT",NA,"心甘情媛","xin1 gan1 qing2 yuan4",NA,NA,"heart sweet emotion beautiful_woman","媛",12,2
49,"corr",1,"志同道合","zhi4 tong2 dao4 he2","zhì tóng dào hé","To have the same principles","will same road align","合",6,NA
49,"diffT",NA,"志同道吓","zhi4 tong2 dao4 he4",NA,NA,"will same road scare","吓",6,0
49,"sameT",NA,"志同道何","zhi4 tong2 dao4 he2",NA,NA,"will same road carry","何",7,-1
50,"corr",1,"情有独钟","qing2 you3 du2 zhong1","qíng yǒu dú zhōng","Attraction","love have only concentrate","钟",9,NA
50,"diffT",NA,"情有独重","qing2 you3 du2 zhong4",NA,NA,"love have only heavy","重",9,0
50,"sameT",NA,"情有独衷","qing2 you3 du2 zhong1",NA,NA,"love have only innerfeelings","衷",10,-1
51,"corr",1,"惊天动地","jing1 tian1 dong4 di4","jīng tiān dòng dì","Huge impact","shock sky move ground","地",6,NA
51,"diffT",NA,"惊天动邸","jing1 tian1 dong4 di3",NA,NA,"shock sky move residence","邸",7,-1
51,"sameT",NA,"惊天动弟","jing1 tian1 dong4 di4",NA,NA,"shock sky move littlebrother","弟",7,-1
52,"corr",0.923,"惊心动魄","jing1 xin1 dong4 po4","jīng xīn dòng pò","Heart-wrenching","shock heart move spirit","魄",14,NA
52,"diffT",NA,"惊心动溌","jing1 xin1 dong4 po1",NA,NA,"shock heart move splash","溌",12,2
52,"sameT",NA,"惊心动蒪","jing1 xin1 dong4 po4",NA,NA,"shock heart move ginger","蒪",13,1
53,"corr",0.818,"愈演愈烈","yu4 yan3 yu4 lie4","yù yǎn yù liè","Worsening situation","more develop more violent","烈",10,NA
53,"diffT",NA,"愈演愈䟩","yu4 yan3 yu4 lie3",NA,NA,"more develop more struggle walk","䟩",12,-2
53,"sameT",NA,"愈演愈捩","yu4 yan3 yu4 lie4",NA,NA,"more develop more twist","捩",11,-1
55,"corr",1,"我行我素","wo3 xing2 wo3 su4","wǒ xíng wǒ sù","Not care about people's opinions","me walk me essence","素",10,NA
55,"diffT",NA,"我行我俗","wo3 xing2 wo3 su2",NA,NA,"me walk me popular","俗",9,1
55,"sameT",NA,"我行我速","wo3 xing2 wo3 su4",NA,NA,"me walk me fast","速",10,0
56,"corr",1,"扑朔迷离","pu1 shuo4 mi2 li2","pū shuò mí lí","not able to tell with certainty","jump male uncertain distinguish","离",10,NA
56,"diffT",NA,"扑朔迷莉","pu1 shuo4 mi2 li4",NA,NA,"jump male uncertain jasmine","莉",10,0
56,"sameT",NA,"扑朔迷梨","pu1 shuo4 mi2 li2",NA,NA,"jump male uncertain pear","梨",11,-1
57,"corr",0.833,"排忧解难","pai2 you1 jie3 nan2","pái yōu jiě nán","Cast away worries","delete worry explain problem","难",10,NA
57,"diffT",NA,"排忧解𦛚","pai2 you1 jie3 nan4",NA,NA,"delete worry explain oily","𦛚",11,-1
57,"sameT",NA,"排忧解南","pai2 you1 jie3 nan2",NA,NA,"delete worry explain south","南",9,1
58,"corr",0.929,"推陈出新","tui1 chen2 chu1 xin1","tuī chén chū xīn","Reinnovate","push old lift new","新",13,NA
58,"diffT",NA,"推陈出焮","tui1 chen2 chu1 xin4",NA,NA,"push old lift heat","焮",12,1
58,"sameT",NA,"推陈出歆","tui1 chen2 chu1 xin1",NA,NA,"push old lift pleased","歆",13,0
59,"corr",0.909,"日新月异","ri4 xin1 yue4 yi4","rì xīn yuè yì","change day after day","sun new moon different","异",6,NA
59,"diffT",NA,"日新月仪","ri4 xin1 yue4 yi2",NA,NA,"sun new moon ceremony","仪",5,1
59,"sameT",NA,"日新月亦","ri4 xin1 yue4 yi4",NA,NA,"sun new moon also","亦",6,0
61,"corr",0.538,"有的放矢","you3 de5 fang4 shi3","yǒu de fàng shǐ","to have a precise goal","have target throw arrow","矢",5,NA
61,"diffT",NA,"有的放石","you3 de5 fang4 shi2",NA,NA,"have target throw rock","石",5,0
61,"sameT",NA,"有的放史","you3 de5 fang4 shi3",NA,NA,"have target throw history","史",5,0
62,"corr",0.75,"标本兼治","biao1 ben3 jian1 zhi4","biāo běn jiān zhì","deal with multiple problems","surface root together treat","治",8,NA
62,"diffT",NA,"标本兼直","biao1 ben3 jian1 zhi2",NA,NA,"surface root together straighten","直",8,0
62,"sameT",NA,"标本兼质","biao1 ben3 jian1 zhi4",NA,NA,"surface root together question","质",8,0
63,"corr",0.867,"根深蒂固","gen1 shen1 di4 gu4","gēn shēn dì gù","deeply rooted thing","root deep sprout strong","固",8,NA
63,"diffT",NA,"根深蒂沽","gen1 shen1 di4 gu1",NA,NA,"root deep sprout buy","沽",8,0
63,"sameT",NA,"根深蒂故","gen1 shen1 di4 gu4",NA,NA,"root deep sprout old","故",9,-1
64,"corr",1,"欢天喜地","huan1 tian1 xi3 di4","huān tiān xǐ dì","extremely happy","happy sky joyful earth","地",6,NA
64,"diffT",NA,"欢天喜籴","huan1 tian1 xi3 di3",NA,NA,"happy sky joyful buy grain","籴",8,-2
64,"sameT",NA,"欢天喜弟","huan1 tian1 xi3 di4",NA,NA,"happy sky joyful brother","弟",9,-3
65,"corr",0.909,"此起彼伏","ci3 qi3 bi3 fu2","cǐ qǐ bǐ fú","ups and lows","this raise that fall","伏",6,NA
65,"diffT",NA,"此起彼付","ci3 qi3 bi3 fu4",NA,NA,"this raise that pay","付",5,1
65,"sameT",NA,"此起彼扶","ci3 qi3 bi3 fu2",NA,NA,"this raise that help","扶",7,-1
66,"corr",0.769,"求真务实","qiu2 zhen1 wu4 shi2","qiú zhēn wù shí","do things seriously","search truth concentrate truth","实",8,NA
66,"diffT",NA,"求真务式","qiu2 zhen1 wu4 shi4",NA,NA,"search truth concentrate type","式",6,2
66,"sameT",NA,"求真务时","qiu2 zhen1 wu4 shi2",NA,NA,"search truth concentrate hour","时",7,1
67,"corr",1,"游刃有余","you2 ren4 you3 yu2","yóu rèn yǒu yú","sort it out with skills","move blade have extra","余",7,NA
67,"diffT",NA,"游刃有雨","you2 ren4 you3 yu4",NA,NA,"move blade have rain","雨",8,-1
67,"sameT",NA,"游刃有鱼","you2 ren4 you3 yu2",NA,NA,"move blade have fish","鱼",8,-1
72,"corr",0.769,"独树一帜","du2 shu4 yi1 zhi4","dú shù yī zhì","stand out","only stand one flag","帜",8,NA
72,"diffT",NA,"独树一直","du2 shu4 yi1 zhi2",NA,NA,"only stand one straighten","直",8,0
72,"sameT",NA,"独树一质","du2 shu4 yi1 zhi4",NA,NA,"only stand one question","质",8,0
73,"corr",1,"独立自主","du2 li4 zi4 zhu3","dú lì zì zhǔ","independent","only established self master","主",5,NA
73,"diffT",NA,"独立自朱","du2 li4 zi4 zhu1",NA,NA,"only established self vermilion","朱",6,-1
73,"sameT",NA,"独立自拄","du2 li4 zi4 zhu3",NA,NA,"only established self lean_on","拄",8,-3
75,"corr",1,"琳琅满目","lin2 lang2 man3 mu4","lín láng mǎn mù","beautiful things to see","beautiful jem full eye","目",5,NA
75,"diffT",NA,"琳琅满母","lin2 lang2 man3 mu3",NA,NA,"beautiful jem full mother","母",5,0
75,"sameT",NA,"琳琅满木","lin2 lang2 man3 mu4",NA,NA,"beautiful jem full tree","木",4,1
76,"corr",1,"甜言蜜语","tian2 yan2 mi4 yu3","tián yán mì yǔ","to use flattering words","sweet words honey speech","语",9,NA
76,"diffT",NA,"甜言蜜鱼","tian2 yan2 mi4 yu2",NA,NA,"sweet words honey fish","鱼",8,1
76,"sameT",NA,"甜言蜜俣","tian2 yan2 mi4 yu3",NA,NA,"sweet words honey big","俣",9,0
78,"corr",1,"目瞪口呆","mu4 deng4 kou3 dai1","mù dèng kǒu dāi","shocked","eye opened mouth shocked","呆",7,NA
78,"diffT",NA,"目瞪口侢","mu4 deng4 kou3 dai4",NA,NA,"eye opened mouth to","侢",8,-1
78,"sameT",NA,"目瞪口呔","mu4 deng4 kou3 dai1",NA,NA,"eye opened mouth attention","呔",7,0
80,"corr",0.923,"知己知彼","zhi1 ji3 zhi1 bi3","zhī jǐ zhī bǐ","know both sides of a fact","know self know other","彼",8,NA
80,"diffT",NA,"知己知皀","zhi1 ji3 zhi1 bi1",NA,NA,"know self know grain","皀",7,1
80,"sameT",NA,"知己知笔","zhi1 ji3 zhi1 bi3",NA,NA,"know self know pencil","笔",10,-2
81,"corr",1,"突飞猛进","tu1 fei1 meng3 jin4","tū fēi měng jìn","sudden progress","sudden fly impetuous advance","进",7,NA
81,"diffT",NA,"突飞猛金","tu1 fei1 meng3 jin1",NA,NA,"sudden fly impetuous gold","金",8,-1
81,"sameT",NA,"突飞猛妗","tu1 fei1 meng3 jin4",NA,NA,"sudden fly impetuous aunt","妗",7,0
82,"corr",1,"精打细算","jing1 da3 xi4 suan4","jīng dǎ xì suàn","to plan in detail","refined do subtle count","算",14,NA
82,"diffT",NA,"精打细酸","jing1 da3 xi4 suan1",NA,NA,"refined do subtle sour","酸",14,0
82,"sameT",NA,"精打细蒜","jing1 da3 xi4 suan4",NA,NA,"refined do subtle garlic","蒜",13,1
83,"corr",0.769,"精益求精","jing1 yi4 qiu2 jing1","jīng yì qiú jīng","aspire to perfection","refined improve search excellence","精",14,NA
83,"diffT",NA,"精益求憬","jing1 yi4 qiu2 jing3",NA,NA,"refined improve search awaken","憬",15,-1
83,"sameT",NA,"精益求睛","jing1 yi4 qiu2 jing1",NA,NA,"refined improve search eyeball","睛",13,1
84,"corr",0.857,"紧锣密鼓","jin3 luo2 mi4 gu3","jǐn luó mì gǔ","prepare rapidly","strict gong intense drum","鼓",13,NA
84,"diffT",NA,"紧锣密箍","jin3 luo2 mi4 gu1",NA,NA,"strict gong intense hoops","箍",14,-1
84,"sameT",NA,"紧锣密嘏","jin3 luo2 mi4 gu3",NA,NA,"strict gong intense longevity","嘏",14,-1
85,"corr",1,"耐人寻味","nai4 ren2 xun2 wei4","nài rén xún wèi","to spark the imagination","resist people search taste","味",8,NA
85,"diffT",NA,"耐人寻违","nai4 ren2 xun2 wei2",NA,NA,"resist people search disobey","违",7,1
85,"sameT",NA,"耐人寻畏","nai4 ren2 xun2 wei4",NA,NA,"resist people search fear","畏",9,-1
86,"corr",1,"自始至终","zi4 shi3 zhi4 zhong1","zì shǐ zhì zhōng","endless","from beginning to end","终",8,NA
86,"diffT",NA,"自始至重","zi4 shi3 zhi4 zhong4",NA,NA,"from beginning to heavy","重",9,-1
86,"sameT",NA,"自始至衷","zi4 shi3 zhi4 zhong1",NA,NA,"from beginning to innerfeelings","衷",10,-2
87,"corr",1,"自欺欺人","zi4 qi1 qi1 ren2","zì qī qī rén","to deceive","self deceive deceive person","人",2,NA
87,"diffT",NA,"自欺欺刃","zi4 qi1 qi1 ren4",NA,NA,"self deceive deceive edge_of_the_knife","刃",3,-1
87,"sameT",NA,"自欺欺壬","zi4 qi1 qi1 ren2",NA,NA,"self deceive deceive ninth","壬",4,-2
88,"corr",1,"自然而然","zi4 ran2 er2 ran2","zì rán ér rán","naturally","self naturally so naturally","然",12,NA
88,"diffT",NA,"自然而染","zi4 ran2 er2 ran3",NA,NA,"self naturally so to_dye","染",9,3
88,"sameT",NA,"自然而蛅","zi4 ran2 er2 ran2",NA,NA,"self naturally so caterpillar","蛅",11,1
89,"corr",1,"自言自语","zi4 yan2 zi4 yu3","zì yán zì yǔ","think out loud","self talk self speech","语",9,NA
89,"diffT",NA,"自言自鱼","zi4 yan2 zi4 yu2",NA,NA,"self talk self fish","鱼",8,1
89,"sameT",NA,"自言自俣","zi4 yan2 zi4 yu3",NA,NA,"self talk self big","俣",9,0
90,"corr",0.769,"舞文弄墨","wu3 wen2 nong4 mo4","wǔ wén nòng mò","play with words","play writing manipulate ink","墨",15,NA
90,"diffT",NA,"舞文弄模","wu3 wen2 nong4 mo2",NA,NA,"play writing manipulate model","模",13,2
90,"sameT",NA,"舞文弄磨","wu3 wen2 nong4 mo4",NA,NA,"play writing manipulate grind","磨",16,-1
91,"corr",1,"若隐若现","ruo4 yin3 ruo4 xian4","ruò yǐn ruò xiàn","be vague","like hide like appear","现",8,NA
91,"diffT",NA,"若隐若贤","ruo4 yin3 ruo4 xian2",NA,NA,"like hide like worthy","贤",8,0
91,"sameT",NA,"若隐若限","ruo4 yin3 ruo4 xian4",NA,NA,"like hide like limit","限",8,0
92,"corr",1,"茶余饭后","cha2 yu2 fan4 hou4","chá yú fàn hòu","free time after eating","tea after rice after","后",6,NA
92,"diffT",NA,"茶余饭吼","cha2 yu2 fan4 hou3",NA,NA,"tea after rice to_roar","吼",7,-1
92,"sameT",NA,"茶余饭㫗","cha2 yu2 fan4 hou4",NA,NA,"tea after rice thickness","㫗",7,-1
93,"corr",1,"见义勇为","jian4 yi4 yong3 wei2","jiàn yì yǒng wéi","to be brave","see justice brave act","为",4,NA
93,"diffT",NA,"见义勇未","jian4 yi4 yong3 wei4",NA,NA,"see justice brave not_yet","未",5,-1
93,"sameT",NA,"见义勇韦","jian4 yi4 yong3 wei2",NA,NA,"see justice brave leather","韦",4,0
94,"corr",1,"触目惊心","chu4 mu4 jing1 xin1","chù mù jīng xīn","heart-wrenching sight","touch eye shock heart","心",4,NA
94,"diffT",NA,"触目惊㐰","chu4 mu4 jing1 xin4",NA,NA,"touch eye shock letter/believe","㐰",5,-1
94,"sameT",NA,"触目惊䜣","chu4 mu4 jing1 xin1",NA,NA,"touch eye shock pleased/happy","䜣",5,-1
96,"corr",0.867,"谈天说地","tan2 tian1 shuo1 di4","tán tiān shuō dì","talk of everything","say sky say earth","地",6,NA
96,"diffT",NA,"谈天说邸","tan2 tian1 shuo1 di3",NA,NA,"say sky say residence","邸",7,-1
96,"sameT",NA,"谈天说弟","tan2 tian1 shuo1 di4",NA,NA,"say sky say little brother","弟",7,-1
97,"corr",1,"赏心悦目","shang3 xin1 yue4 mu4","shǎng xīn yuè mù","nice to hear","appreciate heart return eye","目",5,NA
97,"diffT",NA,"赏心悦母","shang3 xin1 yue4 mu3",NA,NA,"appreciate heart return mother","母",5,0
97,"sameT",NA,"赏心悦木","shang3 xin1 yue4 mu4",NA,NA,"appreciate heart return tree","木",4,1
98,"corr",1,"轰轰烈烈","hong1 hong1 lie4 lie4","hōng hōng liè liè","huge impact","loud loud grand grand","烈",10,NA
98,"diffT",NA,"轰轰烈䟩","hong1 hong1 lie4 lie3",NA,NA,"loud loud grand struggle_walking","䟩",12,-2
98,"sameT",NA,"轰轰烈猎","hong1 hong1 lie4 lie4",NA,NA,"loud loud grand hunting","猎",11,-1
99,"corr",1,"运筹帷幄","yun4 chou2 wei2 wo4","yùn chóu wéi wò","plan strategically","move plan tend camp","幄",12,NA
99,"diffT",NA,"运筹帷蜗","yun4 chou2 wei2 wo1",NA,NA,"move plan tend snail","蜗",13,-1
99,"sameT",NA,"运筹帷斡","yun4 chou2 wei2 wo4",NA,NA,"move plan tend turn","斡",14,-2
100,"corr",1,"铺天盖地","pu1 tian1 gai4 di4","pū tiān gài dì","spread everywhere","spread sky cover soil","地",6,NA
100,"diffT",NA,"铺天盖籴","pu1 tian1 gai4 di3",NA,NA,"spread sky cover buy grain","籴",8,-1
100,"sameT",NA,"铺天盖帝","pu1 tian1 gai4 di4",NA,NA,"spread sky cover emperor","帝",9,-3
103,"corr",1,"顾名思义","gu4 ming2 si1 yi4","gù míng sī yì","understand meaning","look name think meaning","义",3,NA
103,"diffT",NA,"顾名思仪","gu4 ming2 si1 yi2",NA,NA,"look name think ceremony","仪",5,-2
103,"sameT",NA,"顾名思艺","gu4 ming2 si1 yi4",NA,NA,"look name think art","艺",4,-1
104,"corr",0.769,"风花雪月","feng1 hua1 xue3 yue4","fēng huā xuě yuè","romantic","wind flower snow moon","月",4,NA
104,"diffT",NA,"风花雪曰","feng1 hua1 xue3 yue1",NA,NA,"wind flower snow speak","曰",4,0
104,"sameT",NA,"风花雪乐","feng1 hua1 xue3 yue4",NA,NA,"wind flower snow music","乐",5,-1
105,"corr",1,"风起云涌","feng1 qi3 yun2 yong3","fēng qǐ yún yǒng","largely spread phenomena","wind rise cloud emerge","涌",10,NA
105,"diffT",NA,"风起云庸","feng1 qi3 yun2 yong1",NA,NA,"wind rise cloud common","庸",11,-1
105,"sameT",NA,"风起云勇","feng1 qi3 yun2 yong3",NA,NA,"wind rise cloud brave","勇",9,1
106,"corr",1,"齐心协力","qi2 xin1 xie2 li4","qí xīn xié lì","work together","together heart cooperate power","力",2,NA
106,"diffT",NA,"齐心协礼","qi2 xin1 xie2 li3",NA,NA,"together heart cooperate gift","礼",5,-3
106,"sameT",NA,"齐心协立","qi2 xin1 xie2 li4",NA,NA,"together heart cooperate stand","立",5,-3
